{
  "assetsByChunkName": {
    "vendors~app-account~app-checkout~app-confirmation~app-order": "chunk.f3b1daf54b57477499d5.js",
    "vendors~app-account~app-confirmation~app-order": "chunk.1702401eafd41fbe44fd.js",
    "vendors~app-account~app-checkout": "chunk.102ea84d6566fd73b6d9.js",
    "vendors~app-cart~app-checkout": "chunk.00609f3b5dc51709a761.js",
    "admin": [
      "admin.90a4c066258574284be8.js",
      "admin.90a4c066258574284be8.js.map"
    ],
    "app-account": "chunk.26e9797f9fb8a77b5e8a.js",
    "app-checkout": "chunk.4009c880c44ac966cc42.js",
    "app-confirmation": "chunk.9082809259997023e8b1.js",
    "app-order": "chunk.4920682aaa9a60de6de8.js",
    "checkout": [
      "checkout.3ae045b4a0bd55d9c970.js",
      "checkout.3ae045b4a0bd55d9c970.js.map"
    ],
    "storefront": [
      "storefront.82d4373fbfa4c02d8d42.css",
      "storefront.776c88a61837a417d8dc.js",
      "storefront.82d4373fbfa4c02d8d42.css.map",
      "storefront.776c88a61837a417d8dc.js.map"
    ],
    "vendors~app-cart": "chunk.29042564acfbbc53e38c.js"
  }
}